id,mmd_english,mmd_japanese,mmd_japaneseLR,blender_rigify,ffxiv,description,required,optional,PMXE_bone_order,PMXE_deform_tier,tip_bone,fixed_axis,local_axis,controller,rotate,move,hidden,physics,blender_bone_group,mmd_bone_group_jap,mmd_bone_group_eng,cancel,cancel_parent,IK_target,IK_children,IK_child_limit_min,IK_child_limit_max,add_to_rig
1,view cnt, 操作中心, 操作中心,,,view cnt,y,,0,,,,,,y,y,,,motherbone,センター,Center,,,,,,,Y
2,root, 全ての親, 全ての親,root,,motherbone,y,,1,,,,,,y,y,,,motherbone,Root,Root,,,,,,,Y
3,center, センター, センター, spine,,center,y,,2,,y,,,,y,y,,,motherbone,センター,Center,,,,,,,Y
4,groove, グルーブ, グルーブ,,,groove,,,3,,,,,,y,,,,motherbone,センター,Center,,,,,,,Y
5,waist, 腰, 腰,,n_hara,waist,y,,4,,,,,,y,,,,torso,センター,Center,,,,,,,Y
6,leg IK_root_L,,,,,leg IK_root_L,,,5,,,,,,y,y,,,IK,ＩＫ,IK,,,,,,,
7,leg IK_L, 左足ＩＫ, 足ＩＫ.L,,leg IK_L,leg IK_L,y,,6,1,,,,,y,y,,,IK,ＩＫ,IK,,,10,9\8,-180,-0.5,
8,toe IK_L, 左つま先ＩＫ, つま先ＩＫ.L,,toe IK_L,toe IK_L,y,,7,1,,,,,y,y,,,IK,ＩＫ,IK,,,11,10,,,
9,leg IK_root_R,,,,,leg IK_root_R,,,8,,,,,,y,y,,,IK,ＩＫ,IK,,,,,,,
10,leg IK_R, 右足ＩＫ, 足ＩＫ.R,,leg IK_R,leg IK_R,y,,9,1,,,,,y,y,,,IK,ＩＫ,IK,,,17,16\15,-180,-0.5,Y
11,toe IK_R, 右つま先ＩＫ, つま先ＩＫ.R,,toe IK_R,toe IK_R,y,,10,1,,,,,y,y,,,IK,ＩＫ,IK,,,18,,,,Y
12,upper body, 上半身, 上半身, Spine.001 ,j_sebo_a,upper body,y,,11,,,,,,y,,,,torso,体(上),Upper Body,,,,,,,
13,upper body 2, 上半身2, 上半身2, spine.002,j_sebo_b,upper body 2,y,,12,,,,,,y,,,,torso,体(上),Upper Body,,,,,,,
14,upper body 3,,,,j_sebo_c,upper body 3,,,13,,,,,,y,,,,torso,体(上),Upper Body,,,,,,,
15,armor_cape_L,armor_shoulderpad_L,armor_shoulderpad_L,,j_buki_sebo_l,armor_cape_L,,y,14,,,,,,y,,y,y,armor,その他,Other,,,,,,,
16,lower body, 下半身, 下半身, hips,j_kosi,lower body,y,,15,,,,,,y,,,,torso,体(下),Lower Body,,,,,,,
17,armor_waist_1_l,,,,j_buki_kosi_l,armor_waist_1_l,,y,16,,,,,,y,y,y,,armor,その他,Other,,,,,,,
18,armor_waist_2_l,,,,j_buki2_kosi_l,armor_waist_2_l,,y,17,,,,,,y,y,y,,armor,その他,Other,,,,,,,
19,armor_waist_1_r,,,,j_buki_kosi_r,armor_waist_1_r,,y,18,,,,,,y,y,y,,armor,その他,Other,,,,,,,
20,armor_waist_2_r,,,,j_buki2_kosi_r,armor_waist_2_r,,y,19,,,,,,y,y,y,,armor,その他,Other,,,,,,,
21,bust_L, 左胸, 胸.L,,j_mune_l,bust_L,,,20,,,,,,y,,,,torso,体(上),Upper Body,,,,,,,
22,bust_L_2,,,,,bust_L_2,,,21,,,,,,,,,,torso,体(上),Upper Body,,,,,,,
23,bust_R, 右胸, 胸.R,,j_mune_r,bust_R,,,22,,,,,,y,,,,torso,体(上),Upper Body,,,,,,,
24,bust_R_2,,,,,bust_R_2,,,23,,,,,,,,,,torso,体(上),Upper Body,,,,,,,
25,neck, 首, 首, spine.004,j_kubi,neck,y,,24,,,,,,y,,,,head,体(上),Upper Body,,,,,,,
26,head, 頭, 頭, spine.005,j_kao,head,y,,25,,,,,,y,,,,head,体(上),Upper Body,,,,,,,
27,shoulder_P_L, 左肩P,肩P.L,,,raise shoulder_L,,,26,,y,,,,y,,,,arms,腕,Arms,,,,,,,
28,shoulder_L, 左肩, 肩.L, shoulder.L,j_sako_l,shoulder_L,y,,27,,,,y,,y,,,,arms,腕,Arms,,,,,,,
29,armor_shouldpad_l,,,,n_kataarmor_l,armor_shouldpad_l,,y,28,,,,,,y,y,y,,armor,その他,Other,,,,,,,
30,shoulder_C_L,左肩C,肩C.L,,,shoulder_hidden_L,,,29,,y,,,,y,,y,,arms,腕,Arms,,,,,,,
31,arm_L, 左腕, 腕.L, upper_arm.L,j_ude_a_l,arm_L,y,,30,,,,y,,y,,,,arms,腕,Arms,,,,,,,
32,arm_twist_L, 左腕捩, 腕捩.L,,n_hkata_l,shouldertwist_L,,,31,,y,y,,,y,,,,arms,腕,Arms,y,34,,,,,
33,arm_twist_1_L, 左腕捩1, 腕捩1.L,,,left arm twist 1,,,32,,y,,,,y,,y,,arms,腕,Arms,,,,,,,
34,arm_twist_2_L, 左腕捩2, 腕捩2.L,,,left arm twist 2,,,33,,y,,,,y,,y,,arms,腕,Arms,,,,,,,
35,arm_twist_3_L, 左腕捩3, 腕捩3.L,,,left arm twist 3,,,34,,y,,,,y,,y,,arms,腕,Arms,,,,,,,
36,elbow_L, 左ひじ, ひじ.L, forearm.L,j_ude_b_l,elbow_L,y,,35,,,,,,y,,,,arms,腕,Arms,,,,,,,
37,armor_elbowpads_l,,,,n_hijisoubi_l,armor_elbowpads_l,,y,36,,,,y,,y,,y,,armor,その他,Other,,,,,,,
38,clothes_elbow_L,,,,n_hhiji_l,clothes_elbow_L,,y,37,,,,,,y,,y,y,armor,その他,Other,,,,,,,
39,armor_forearm_L,,,,n_buki_tate_l,armor_forearm_L,,y,38,,,,,,y,y,y,,armor,その他,Other,,,,,,,
40,wrist_twist_L, 左手捩, 手捩.L,,n_hte_l,wrist twist_L,,,39,,y,y,,,y,,,,arms,腕,Arms,,,,,,,
41,wrist_twist_1_L, 左手捩1, 手捩1.L,,,left hand screw 1,,,40,,y,,,,y,,y,,arms,腕,Arms,,,,,,,
42,wrist_twist_2_L, 左手捩2, 手捩2.L,,,left hand screw 2,,,41,,y,,,,y,,y,,arms,腕,Arms,,,,,,,
43,wrist_twist_3_L, 左手捩3, 手捩3.L,,,left hand screw 3,,,42,,y,,,,y,,y,,arms,腕,Arms,,,,,,,
44,wrist_L, 左手首, 手首.L, hand.L,j_te_l,wrist_L,y,,43,,,,y,,y,,,,arms,腕,Arms,,,,,,,
45,dummy_L, 左ダミー, ダミー.L,,n_buki_l,dummy_L,,y,44,,,,,,y,y,y,,armor,その他,Other,,,,,,,
46,thumb1_L, 左親指１, 親指１.L, thumb.02.L,j_oya_a_l,finger_thumb_l_a,,,45,,,,y,,y,,,,fingers,指,Fingers,,,,,,,
47,thumb2_L, 左親指２, 親指２.L, thumb.03.L,j_oya_b_l,finger_thumb_l_b,,,46,,,,y,,y,,,,fingers,指,Fingers,,,,,,,
48,fore1_L, 左人指１, 人指１.L, f_index.01.L,j_hito_a_l,finger_fore_l_a,,,47,,,,,,y,,,,fingers,指,Fingers,,,,,,,
49,fore2_L, 左人指２, 人指２.L, f_index.02.L,j_hito_b_l,finger_fore_l_b,,,48,,,,,,y,,,,fingers,指,Fingers,,,,,,,
50,fore3_L, 左人指３, 人指３.L, f_index.03.L,,finger_fore_l_c,,,49,,,,,,y,,,,fingers,指,Fingers,,,,,,,
51,middle1_L, 左中指１, 中指１.L, f_middle.01.L,j_naka_a_l,finger_middle_l_a,,,50,,,,,,y,,,,fingers,指,Fingers,,,,,,,
52,middle2_L, 左中指２, 中指２.L, f_middle.02.L,j_naka_b_l,finger_middle_l_b,,,51,,,,,,y,,,,fingers,指,Fingers,,,,,,,
53,middle3_L, 左中指３, 中指３.L, f_middle.03.L,,finger_middle_l_c,,,52,,,,,,y,,,,fingers,指,Fingers,,,,,,,
54,third1_L, 左薬指１, 薬指１.L, f_ring.01.L,j_kusu_a_l,finger_ring_l_a,,,53,,,,,,y,,,,fingers,指,Fingers,,,,,,,
55,third2_L, 左薬指２, 薬指２.L, f_ring.02.L,j_kusu_b_l,finger_ring_l_b,,,54,,,,,,y,,,,fingers,指,Fingers,,,,,,,
56,third3_L, 左薬指３, 薬指３.L, f_ring.03.L,,finger_ring_l_c,,,55,,,,,,y,,,,fingers,指,Fingers,,,,,,,
57,little1_L, 左小指１, 小指１.L, f_pinky.01.L,j_ko_a_l,finger_pinky_l_a,,,56,,,,,,y,,,,fingers,指,Fingers,,,,,,,
58,little2_L, 左小指２, 小指２.L, f_pinky.02.L,j_ko_b_l,finger_pinky_l_b,,,57,,,,,,y,,,,fingers,指,Fingers,,,,,,,
59,little3_L, 左小指３, 小指３.L, f_pinky.03.L,,finger_pinky_l_c,,,58,,,,,,y,,,,fingers,指,Fingers,,,,,,,
60,armor_cape_R,,,,j_buki_sebo_r,armor_cape_R,,y,59,,,,,,y,,y,y,armor,その他,Other,,,,,,,
61,shoulder_P_R, 右肩P, 肩P.R,,,raise shoulder_R,,,60,,y,,,,y,,,,arms,腕,Arms,,,,,,,
62,shoulder_R, 右肩, 肩.R, shoulder.R,j_sako_r,shoulder_R,y,,61,,,,y,,y,,,,arms,腕,Arms,,,,,,,
63,armor_shouldpad_R,,,,n_kataarmor_r,armor_shouldpad_R,,y,62,,,,,,y,y,y,,armor,その他,Other,,,,,,,
64,shoulder_C_R, 右肩C,右肩C.R,,,shoulder_hidden_R,,,63,,y,,,,y,,y,,arms,腕,Arms,,,,,,,
65,arm_R, 右腕, 腕.R, upper_arm.R,j_ude_a_r,arm_R,y,,64,,,,y,,y,,,,arms,腕,Arms,,,,,,,
66,arm_twist_R, 右腕捩, 腕捩.R,,n_hkata_r,shouldertwist_R,,,65,,y,y,,,y,,,,arms,腕,Arms,,,,,,,
67,arm_twist_1_R, 右腕捩1, 腕捩1.R,,,right arm rig1,,,66,,y,,,,y,,y,,arms,腕,Arms,,,,,,,
68,arm_twist_2_R, 右腕捩2, 腕捩2.R,,,right arm rig2,,,67,,y,,,,y,,y,,arms,腕,Arms,,,,,,,
69,arm_twist_3_R, 右腕捩3, 腕捩3.R,,,right arm rig3,,,68,,y,,,,y,,y,,arms,腕,Arms,,,,,,,
70,elbow_R, 右ひじ, ひじ.R, forearm.R,j_ude_b_r,elbow_R,y,,69,,,,y,,y,,,,arms,腕,Arms,,,,,,,
71,armor_elbowpads_r,,,,n_hijisoubi_r,armor_elbowpads_r,,y,70,,,,,,y,,y,,armor,その他,Other,,,,,,,
72,clothes_elbow_R,,,,n_hhiji_r,clothes_elbow_R,,y,71,,,,,,y,,y,y,armor,その他,Other,,,,,,,
73,armor_forearm_R,,,,n_buki_tate_r,armor_forearm_R,,y,72,,,,,,y,y,y,,armor,その他,Other,,,,,,,
74,wrist_twist_R, 右手捩, 手捩.R,,n_hte_r,wrist twist_R,,,73,,y,y,,,y,,,,arms,腕,Arms,,,,,,,
75,wrist_twist_1_R, 右手捩1, 手捩1.R,,,right elbow rig1,,,74,,y,,,,y,,y,,arms,腕,Arms,,,,,,,
76,wrist_twist_2_R, 右手捩2, 手捩2.R,,,right elbow rig2,,,75,,y,,,,y,,y,,arms,腕,Arms,,,,,,,
77,wrist_twist_3_R, 右手捩3, 手捩3.R,,,right elbow rig3,,,76,,y,,,,y,,y,,arms,腕,Arms,,,,,,,
78,wrist_R, 右手首, 手首.R, hand.R,j_te_r,wrist_R,y,,77,,,,y,,y,,,,arms,腕,Arms,,,,,,,
79,dummy_R, 右ダミー, ダミー.R,,n_buki_r,dummy_R,,y,78,,,,,,y,y,y,,armor,その他,Other,,,,,,,
80,thumb1_R, 右親指１, 親指１.R, thumb.02.R,j_oya_a_r,finger_thumb_r_a,,,79,,,,y,,y,,,,fingers,指,Fingers,,,,,,,
81,thumb2_R, 右親指２, 親指２.R, thumb.03.R,j_oya_b_r,finger_thumb_r_b,,,80,,,,y,,y,,,,fingers,指,Fingers,,,,,,,
82,fore1_R, 右人指１, 人指１.R, f_index.01.R,j_hito_a_r,finger_fore_r_a,,,81,,,,,,y,,,,fingers,指,Fingers,,,,,,,
83,fore2_R, 右人指２, 人指２.R, f_index.02.R,j_hito_b_r,finger_fore_r_b,,,82,,,,,,y,,,,fingers,指,Fingers,,,,,,,
84,fore3_R, 右人指３, 人指３.R, f_index.03.R,,finger_fore_r_c,,,83,,,,,,y,,,,fingers,指,Fingers,,,,,,,
85,middle1_R, 右中指１, 中指１.R, f_middle.01.R,j_naka_a_r,finger_middle_r_a,,,84,,,,,,y,,,,fingers,指,Fingers,,,,,,,
86,middle2_R, 右中指２, 中指２.R, f_middle.02.R,j_naka_b_r,finger_middle_r_b,,,85,,,,,,y,,,,fingers,指,Fingers,,,,,,,
87,middle3_R, 右中指３, 中指３.R, f_middle.03.R,,finger_middle_r_c,,,86,,,,,,y,,,,fingers,指,Fingers,,,,,,,
88,third1_R, 右薬指１, 薬指１.R, f_ring.01.R,j_kusu_a_r,finger_ring_r_a,,,87,,,,,,y,,,,fingers,指,Fingers,,,,,,,
89,third2_R, 右薬指２, 薬指２.R, f_ring.02.R,j_kusu_b_r,finger_ring_r_b,,,88,,,,,,y,,,,fingers,指,Fingers,,,,,,,
90,third3_R, 右薬指３, 薬指３.R, f_ring.03.R,,finger_ring_r_c,,,89,,,,,,y,,,,fingers,指,Fingers,,,,,,,
91,little1_R, 右小指１, 小指１.R, f_pinky.01.R,j_ko_a_r,finger_pinky_r_a,,,90,,,,,,y,,,,fingers,指,Fingers,,,,,,,
92,little2_R, 右小指２, 小指２.R, f_pinky.02.R,j_ko_b_r,finger_pinky_r_b,,,91,,,,,,y,,,,fingers,指,Fingers,,,,,,,
93,little3_R, 右小指３, 小指３.R, f_pinky.03.R,,finger_pinky_r_c,,,92,,,,,,y,,,,fingers,指,Fingers,,,,,,,
94,waist_cancel_L, 腰キャンセル左, 腰キャンセル.L,,,waist cancel left,y,,93,,y,,,,y,,y,,torso,体(上),Upper Body,y,6,,,,,Y
95,leg_L, 左足, 足.L, thigh.L,j_asi_a_l,leg_L,y,,94,,,,,,y,,,,legs,足,Legs,,,,,,,
96,knee_L, 左ひざ, ひざ.L, shin.L,j_asi_b_l,knee_L_a,y,,95,,,,,,y,,,,legs,足,Legs,,,,,,,
97,armor_kneepad_L,,,,n_hizasoubi_l,armor_kneepad_L,,y,96,,,,,,y,,y,,armor,その他,Other,,,,,,,
98,knee_L_b,,,,j_asi_c_l,knee_L_b,,,97,,,,,,y,,,,legs,足,Legs,,,,,,,
99,ankle_L, 左足首, 足首.L, foot.L,j_asi_d_l,ankle_L,y,,98,,,,,,y,,,,legs,足,Legs,,,,,,,
100,waist_cancel_R, 腰キャンセル右, 腰キャンセル.R,,,waist cancel right,y,,99,,y,,,,y,,y,,torso,体(上),Upper Body,y,6,,,,,Y
101,leg_R, 右足, 足.R, thigh.R,j_asi_a_r,leg_R,y,,100,,,,,,y,,,,legs,足,Legs,,,,,,,
102,knee_R, 右ひざ, ひざ.R, shin.R,j_asi_b_r,knee_R_a,y,,101,,,,,,y,,,,legs,足,Legs,,,,,,,
103,armor_kneepad_r,,,,n_hizasoubi_r,armor_kneepad_r,,y,102,,,,,,y,,y,,armor,その他,Other,,,,,,,
104,knee_R_b,,,,j_asi_c_r,knee_R_b,,,103,,,,,,y,,,,legs,足,Legs,,,,,,,
105,ankle_R, 右足首, 足首.R, foot.R,j_asi_d_r,ankle_R,y,,104,,,,,,y,,,,legs,足,Legs,,,,,,,
106,toe_L, 左つま先, つま先.L, toe.L,j_asi_e_l,toe_L,y,,105,,,,,,y,,,,legs,足,Legs,,,,,,,
107,toe_R, 右つま先, つま先.R, toe.R,j_asi_e_r,toe_R,y,,106,,,,,,y,,,,legs,足,Legs,,,,,,,
108,leg_L_D, 左足D, 足D.L,,,leg_L_D,y,,107,1,y,,,,y,,,,D,足,Legs,,,,,,,Y
109,knee_L_D, 左ひざD, ひざD.L,,,knee_L_D,y,,108,1,y,,,,y,,,,D,足,Legs,,,,,,,Y
110,j_asi_c_l_D,,,,,j_asi_c_l_D,,,109,1,y,,,,y,,,,D,足,Legs,,,,,,,
111,ankle_L_D, 左足首D, 足首D.L,,,ankle_L_D,y,,110,1,y,,,,y,,,,D,足,Legs,,,,,,,Y
112,toe_L_EX, 左足先EX,足先EX.L,,,toe_L_EX,y,,111,1,,,,,y,,,,D,足,Legs,,,,,,,Y
113,leg_R_D, 右足D, 足D.R,,,leg_R_D,y,,112,1,y,,,,y,,,,D,足,Legs,,,,,,,Y
114,knee_R_D, 右ひざD, ひざD.R,,,knee_R_D,y,,113,1,y,,,,y,,,,D,足,Legs,,,,,,,Y
115,j_asi_c_r_D,,,,,j_asi_c_r_D,,,114,1,y,,,,y,,,,D,足,Legs,,,,,,,
116,ankle_R_D, 右足首D, 足首D.R,,,ankle_R_D,y,,115,1,y,,,,y,,,,D,足,Legs,,,,,,,Y
117,toe_R_EX, 右足先EX,足先EX.R,,,toe_R_EX,y,,116,1,,,,,y,,,,D,足,Legs,,,,,,,Y
118,eye_L, 左目, 目.L, eye.L,j_f_eye_l,eye_L,,,117,2,,,y,,y,,,,face,頭,Head,,,,,,,
119,eye_R, 右目, 目.R, eye.R,j_f_eye_r,eye_R,,,118,2,,,y,,y,,,,face,頭,Head,,,,,,,
120,eyes,両目,両目,,,eyes,,,119,,y,,y,,y,,,,face,頭,Head,,,,,,,
121,hat_bunny_ears_L,,,,j_ex_met_a,hat_bunny_ears_L,,,120,,,,,,y,y,,y,head,頭,Head,,,,,,,
122,hat_bunny_ears_R,,,,j_ex_met_b,hat_bunny_ears_R,,,121,,,,,,y,y,,y,head,頭,Head,,,,,,,
123,head_eyelid_upper_L,,,,j_f_umab_l,eyelid_upper_L,,,122,,,,,,y,y,,,face,頭,Head,,,,,,,
124,head_eyelid_upper_R,,,,j_f_umab_r,eyelid_upper_R,,,123,,,,,,y,y,,,face,頭,Head,,,,,,,
125,head_eyelid_lower_L,,,,j_f_dmab_l,eyelid_lower_L,,,124,,,,,,y,y,,,face,頭,Head,,,,,,,
126,head_eyelid_lower_R,,,,j_f_dmab_r,eyelid_lower_R,,,125,,,,,,y,y,,,face,頭,Head,,,,,,,
127,head_eyebrow_1_L,,,,j_f_mayu_l,eyebrow_mid_L,,,126,,,,,,y,y,,,face,頭,Head,,,,,,,
128,head_eyebrow_1_R,,,,j_f_mayu_r,eyebrow_mid_R,,,127,,,,,,y,y,,,face,頭,Head,,,,,,,
129,head_eyebrow_2_L,,,,j_f_miken_l,eyebrow_front_L,,,128,,,,,,y,y,,,face,頭,Head,,,,,,,
130,head_eyebrow_2_R,,,,j_f_miken_r,eyebrow_front_R,,,129,,,,,,y,y,,,face,頭,Head,,,,,,,
131,head_nose_upper,,,,j_f_memoto,upper_nose,,,130,,,,,,y,,,,face,頭,Head,,,,,,,
132,head_jaw,head jaw,head jaw,,j_ago,head jaw,,,131,,,,,,y,y,,,face,頭,Head,,,,,,,
133,hroth_jaw_upper,,,,j_f_uago,hroth_jaw_upper,,,132,,,,,,y,y,,,face,頭,Head,,,,,,,
134,nostrils,,,,j_f_hana,nostrils,,,133,,,,,,y,,,,face,頭,Head,,,,,,,
135,head_cheek_1_L,,,,j_f_hoho_l,cheek_L,,,134,,,,,,y,y,,,face,頭,Head,,,,,,,
136,hroth_whisker_l,,,,j_f_hige_l,hroth_whisker_l,,,135,,,,,,y,y,,,face,頭,Head,,,,,,,
137,head_cheek_2_L,,,,j_f_hoho_r,cheek_R,,,136,,,,,,y,y,,,face,頭,Head,,,,,,,
138,hroth_whisker_r,,,,j_f_hige_r,hroth_whisker_r,,,137,,,,,,y,y,,,face,頭,Head,,,,,,,
139,head_mouth_L,,,,j_f_lip_l,lip_side_L,,,138,,,,,,y,y,,,face,頭,Head,,,,,,,
140,hroth_lip_side_l,,,,n_f_lip_l,hroth_lip_side_l,,,139,,,,,,y,y,,,face,頭,Head,,,,,,,
141,head_mouth_R,,,,j_f_lip_r,lip_side_R,,,140,,,,,,y,y,,,face,頭,Head,,,,,,,
142,hroth_lip_side_r,,,,n_f_lip_r,hroth_lip_side_r,,,141,,,,,,y,y,,,face,頭,Head,,,,,,,
143,head_lip_upper_A,j_f_ulip_a,j_f_ulip_a,,j_f_ulip_a,lip_upper_A,,,142,,,,,,y,y,,,face,頭,Head,,,,,,,
144,head_lip_upper_B,,,,j_f_ulip_b,lip_upper_B,,,143,,,,,,y,y,,,face,頭,Head,,,,,,,
145,hroth_lip_upper,,,,j_f_ulip,hroth_lip_upper,,,144,,,,,,y,y,,,face,頭,Head,,,,,,,
146,hroth_lip_upper_l,,,,n_f_ulip_l,hroth_lip_upper_l,,,145,,,,,,y,y,,,face,頭,Head,,,,,,,
147,hroth_lip_upper_r,,,,n_f_ulip_r,hroth_lip_upper_r,,,146,,,,,,y,y,,,face,頭,Head,,,,,,,
148,head_lip_lower_A,,,,j_f_dlip_a,lip_lower_A,,,147,,,,,,y,y,,,face,頭,Head,,,,,,,
149,head_lip_lower_B,,,,j_f_dlip_b,lip_lower_B,,,148,,,,,,y,y,,,face,頭,Head,,,,,,,
150,hroth_lip_lower,,,,j_f_dlip,hroth_lip_lower,,,149,,,,,,y,y,,,face,頭,Head,,,,,,,
151,L ear,左耳, 耳.L,,j_mimi_l,earring_anchor_L,,,150,,,,,,y,,,,head,頭,Head,,,,,,,
152,earring_1_L,,,,n_ear_a_l,earring_1_L,,,151,,,,,,y,,y,,head,頭,Head,,,,,,,
153,earring_2_L,,,,n_ear_b_l,earring_2_L,,,152,,,,,,y,y,y,,head,頭,Head,,,,,,,
154,R ear,右耳, 耳.R,,j_mimi_r,ear_R,,,153,,,,,,y,,,,head,頭,Head,,,,,,,
155,n_ear_a_r,,,,n_ear_a_r,earring_1_R,,,154,,,,,,y,,y,,head,頭,Head,,,,,,,
156,n_ear_b_r,,,,n_ear_b_r,earring_2_R,,,155,,,,,,y,y,y,,head,頭,Head,,,,,,,
157,viera_ear_1_L_a,,,,j_zera_a_l,viera_ear_1_L_a,,y,156,,,,,,y,,,y,head,頭,Head,,,,,,,
158,viera_ear_1_L_b,,,,j_zera_b_l,viera_ear_1_L_b,,y,157,,,,,,y,,,y,head,頭,Head,,,,,,,
159,viera_ear_1_R_a,,,,j_zera_a_r,viera_ear_1_R_a,,y,158,,,,,,y,,,y,head,頭,Head,,,,,,,
160,viera_ear_1_R_b,,,,j_zera_b_r,viera_ear_1_R_b,,y,159,,,,,,y,,,y,head,頭,Head,,,,,,,
161,viera_ear_2_L_a,,,,j_zerb_a_l,viera_ear_2_L_a,,y,160,,,,,,y,,,y,head,頭,Head,,,,,,,
162,viera_ear_2_L_b,,,,j_zerb_b_l,viera_ear_2_L_b,,y,161,,,,,,y,,,y,head,頭,Head,,,,,,,
163,viera_ear_2_R_a,,,,j_zerb_a_r,viera_ear_2_R_a,,y,162,,,,,,y,,,y,head,頭,Head,,,,,,,
164,viera_ear_2_R_b,,,,j_zerb_b_r,viera_ear_2_R_b,,y,163,,,,,,y,,,y,head,頭,Head,,,,,,,
165,viera_ear_3_L_a,,,,j_zerc_a_l,viera_ear_3_L_a,,y,164,,,,,,y,,,y,head,頭,Head,,,,,,,
166,viera_ear_3_L_b,,,,j_zerc_b_l,viera_ear_3_L_b,,y,165,,,,,,y,,,y,head,頭,Head,,,,,,,
167,viera_ear_3_R_a,,,,j_zerc_a_r,viera_ear_3_R_a,,y,166,,,,,,y,,,y,head,頭,Head,,,,,,,
168,viera_ear_3_R_b,,,,j_zerc_b_r,viera_ear_3_R_b,,y,167,,,,,,y,,,y,head,頭,Head,,,,,,,
169,viera_ear_4_L_a,,,,j_zerd_a_l,viera_ear_4_L_a,,y,168,,,,,,y,,,y,head,頭,Head,,,,,,,
170,viera_ear_4_L_b,,,,j_zerd_b_l,viera_ear_4_L_b,,y,169,,,,,,y,,,y,head,頭,Head,,,,,,,
171,viera_ear_4_R_a,,,,j_zerd_a_r,viera_ear_4_R_a,,y,170,,,,,,y,,,y,head,頭,Head,,,,,,,
172,viera_ear_4_R_b,,,,j_zerd_b_r,viera_ear_4_R_b,,y,171,,,,,,y,,,y,head,頭,Head,,,,,,,
173,hair_back_a,hair_back_1,hair_back_1,,j_kami_a,hair_back_a,,,172,,,,,,y,,y,y,hair,髪,Hair,,,,,,,
174,hair_back_b,hair_back_2,hair_back_2,,j_kami_b,hair_back_b,,,173,,,,,,y,,y,y,hair,髪,Hair,,,,,,,
175,hair_front_L,,,,j_kami_f_l,hair_front_L,,,174,,,,,,y,,y,y,hair,髪,Hair,,,,,,,
176,hair_front_R,,,,j_kami_f_r,hair_front_R,,,175,,,,,,y,,y,y,hair,髪,Hair,,,,,,,
177,,,,,j_ex_h0005_ke_b,hair,,,176,,,,,,y,,y,y,hair,髪,Hair,,,,,,,
178,,,,,j_ex_h0005_ke_f,hair,,,177,,,,,,y,,y,y,hair,髪,Hair,,,,,,,
179,,,,,j_ex_h0106_ke_f_a,hair,,,178,,,,,,y,,y,y,hair,髪,Hair,,,,,,,
180,,,,,j_ex_h0106_ke_f_b,hair,,,179,,,,,,y,,y,y,hair,髪,Hair,,,,,,,
181,,,,,j_ex_h0002_ke_b,hair,,,180,,,,,,y,,y,y,hair,髪,Hair,,,,,,,
182,,,,,j_ex_h0002_ke_f,hair,,,181,,,,,,y,,y,y,hair,髪,Hair,,,,,,,
183,,,,,j_ex_h0004_ke_f,hair,,,182,,,,,,y,,y,y,hair,髪,Hair,,,,,,,
184,,,,,j_ex_h0004_ke_l,hair,,,183,,,,,,y,,y,y,hair,髪,Hair,,,,,,,
185,,,,,j_ex_h0004_ke_r,hair,,,184,,,,,,y,,y,y,hair,髪,Hair,,,,,,,
186,,,,,j_ex_h0005_ke_f,hair,,,185,,,,,,y,,y,y,hair,髪,Hair,,,,,,,
187,,,,,j_ex_h0005_ke_l,hair,,,186,,,,,,y,,y,y,hair,髪,Hair,,,,,,,
188,,,,,j_ex_h0005_ke_r,hair,,,187,,,,,,y,,y,y,hair,髪,Hair,,,,,,,
189,,,,,j_ex_h0101_ke_f,hair,,,188,,,,,,y,,y,y,hair,髪,Hair,,,,,,,
190,,,,,j_ex_h0101_ke_l,hair,,,189,,,,,,y,,y,y,hair,髪,Hair,,,,,,,
191,,,,,j_ex_h0101_ke_r,hair,,,190,,,,,,y,,y,y,hair,髪,Hair,,,,,,,
192,hair_side_L,,,,j_ex_h0106_ke_l,hair_side_L,,,191,,,,,,y,,y,y,hair,髪,Hair,,,,,,,
193,tail_a,,,,n_sippo_a,tail_a,,,192,,,,,,y,,,y,tail,その他,Other,,,,,,,
194,tail_b,,,,n_sippo_b,tail_b,,,193,,,,,,y,,,y,tail,その他,Other,,,,,,,
195,tail_c,,,,n_sippo_c,tail_c,,,194,,,,,,y,,,y,tail,その他,Other,,,,,,,
196,tail_d,,,,n_sippo_d,tail_d,,,195,,,,,,y,,,y,tail,その他,Other,,,,,,,
197,tail_e,,,,n_sippo_e,tail_e,,,196,,,,,,y,,,y,tail,その他,Other,,,,,,,
198,skirt_fr_L_a,,,,j_sk_f_a_l,skirt_fr_L_a,,y,197,,,,,,y,,y,y,skirt,ｽｶｰﾄ,Skirt,,,,,,,
199,skirt_fr_L_b,,,,j_sk_f_b_l,skirt_fr_L_b,,y,198,,,,,,y,,y,y,skirt,ｽｶｰﾄ,Skirt,,,,,,,
200,skirt_fr_L_c,,,,j_sk_f_c_l,skirt_fr_L_c,,y,199,,,,,,y,,y,y,skirt,ｽｶｰﾄ,Skirt,,,,,,,
201,skirt_fr_R_a,,,,j_sk_f_a_r,skirt_fr_R_a,,y,200,,,,,,y,,y,y,skirt,ｽｶｰﾄ,Skirt,,,,,,,
202,skirt_fr_R_b,,,,j_sk_f_b_r,skirt_fr_R_b,,y,201,,,,,,y,,y,y,skirt,ｽｶｰﾄ,Skirt,,,,,,,
203,skirt_fr_R_c,,,,j_sk_f_c_r,skirt_fr_R_c,,y,202,,y,,,,y,,y,y,skirt,ｽｶｰﾄ,Skirt,,,,,,,
204,skirt_s_L_a,,,,j_sk_s_a_l,skirt_s_L_a,,y,203,,,,,,y,,y,y,skirt,ｽｶｰﾄ,Skirt,,,,,,,
205,skirt_s_L_b,,,,j_sk_s_b_l,skirt_s_L_b,,y,204,,,,,,y,,y,y,skirt,ｽｶｰﾄ,Skirt,,,,,,,
206,skirt_s_L_c,,,,j_sk_s_c_l,skirt_s_L_c,,y,205,,y,,,,y,,y,y,skirt,ｽｶｰﾄ,Skirt,,,,,,,
207,skirt_s_R_a,,,,j_sk_s_a_r,skirt_s_R_a,,y,206,,,,,,y,,y,y,skirt,ｽｶｰﾄ,Skirt,,,,,,,
208,skirt_s_R_b,,,,j_sk_s_b_r,skirt_s_R_b,,y,207,,,,,,y,,y,y,skirt,ｽｶｰﾄ,Skirt,,,,,,,
209,skirt_s_R_c,,,,j_sk_s_c_r,skirt_s_R_c,,y,208,,y,,,,y,,y,y,skirt,ｽｶｰﾄ,Skirt,,,,,,,
210,skirt_b_L_a,,,,j_sk_b_a_l,skirt_b_L_a,,y,209,,,,,,y,,y,y,skirt,ｽｶｰﾄ,Skirt,,,,,,,
211,skirt_b_L_b,,,,j_sk_b_b_l,skirt_b_L_b,,y,210,,,,,,y,,y,y,skirt,ｽｶｰﾄ,Skirt,,,,,,,
212,skirt_b_L_c,,,,j_sk_b_c_l,skirt_b_L_c,,y,211,,y,,,,y,,y,y,skirt,ｽｶｰﾄ,Skirt,,,,,,,
213,skirt_b_R_a,,,,j_sk_b_a_r,skirt_b_R_a,,y,212,,,,,,y,,y,y,skirt,ｽｶｰﾄ,Skirt,,,,,,,
214,skirt_b_R_b,,,,j_sk_b_b_r,skirt_b_R_b,,y,213,,,,,,y,,y,y,skirt,ｽｶｰﾄ,Skirt,,,,,,,
215,skirt_b_R_c,,,,j_sk_b_c_r,skirt_b_R_c,,y,214,,y,,,,y,,y,y,skirt,ｽｶｰﾄ,Skirt,,,,,,,
216,n_throw,,,,n_throw,n_throw,,,215,,,,,,,,y,,motherbone,センター,Other,,,,,,,
